2021-09-12 18:14 ~ saykikix ~ False,
2021-09-12 18:20 ~ luca.sgabriel75 ~ False,
2021-09-12 19:22 ~ saykikix ~ False,
2021-09-12 19:22 ~ luca.sgabriel75 ~ False,
2021-09-12 21:07 ~ leorvgomes ~ 261791892,
2021-09-12 21:18 ~ jupontes85 ~ 12574072858,
2021-09-12 21:19 ~ cookiecutterslayton ~ False,
2021-09-12 21:19 ~ bshapersince86 ~ 4075565780,
2021-09-12 21:20 ~ vampire_cherrybomb ~ 49347433511,
2021-09-12 21:20 ~ motocarbh.com.br ~ 12099545798,
2021-09-12 21:21 ~ radleyarcade ~ 45082694158,
2021-09-12 21:21 ~ instagrow.mike ~ 11822608643,
2021-09-12 21:22 ~ mayara.animale ~ 15127305164,
2021-09-12 21:23 ~ mariinsito.gmer ~ 20734029248,
2021-09-12 21:23 ~ i90grh ~ 49484830691,
2021-09-12 21:24 ~ aquelecaiodabarba ~ 3298321176,
2021-09-12 21:25 ~ knifeofg0ld_ ~ 48203345705,
2021-09-12 21:25 ~ suzimue ~ 1145714090,
2021-09-12 21:26 ~ asway.dev ~ 37738162697,
2021-09-12 21:26 ~ lorenasmdwm ~ 7435902768,
2021-09-12 21:27 ~ zachswax ~ False,
2021-09-12 21:27 ~ topppcommeennttoolliinnssttaa ~ 39401924808,
2021-09-12 21:27 ~ cookiecuttersrichardson ~ False,
2021-09-12 21:28 ~ fiorsiilol ~ 48766408492,
2021-09-12 21:29 ~ miss_eva_madison ~ 6635614845,
2021-09-12 21:29 ~ __patricia.trading ~ 47486899132,
2021-09-12 21:30 ~ vqwrx ~ 36844512044,
2021-09-12 21:30 ~ fernandadesouza.alves ~ 6933229497,
2021-09-12 21:31 ~ aes_clips ~ 49441051221,
2021-09-12 21:32 ~ retrocanadian_ ~ 48641978616,
2021-09-12 21:32 ~ thornthefreakshow ~ 10339836318,
2021-09-12 21:33 ~ carmenza_stories ~ 19141409552,
2021-09-12 21:33 ~ jarbasgfs ~ 11182467029,
2021-09-12 21:34 ~ diangelobeats ~ 37582556970,
2021-09-12 21:35 ~ suafeiju ~ 45416175433,
2021-09-12 21:35 ~ sh_guff ~ 39017859021,
2021-09-12 21:36 ~ gamingdestination1 ~ 49089153063,
2021-09-12 21:36 ~ cookiecutters_lakestlouismo ~ False,
2021-09-12 21:37 ~ _leonardopfc ~ 25351498065,
2021-09-12 21:37 ~ saudeevidabc ~ 8589069447,
2021-09-12 21:38 ~ thaislima._._ ~ 2315952619,
2021-09-12 21:38 ~ djiliomar ~ 3548266621,
2021-09-12 21:39 ~ negonahotdog ~ 24609607024,
2021-09-12 21:40 ~ __baby_satan__ ~ 47917345250,
2021-09-12 21:40 ~ thamires_fortes ~ 2306172196,
2021-09-12 21:41 ~ nr.nightmxre ~ 49529232853,
2021-09-12 21:41 ~ diigorezendee ~ 39344148,
2021-09-12 21:42 ~ globalricers ~ 8545869953,
2021-09-12 21:43 ~ garciahkimberlyw3e581p ~ 49085541914,
2021-09-12 21:43 ~ admmarly_marcia ~ 1106714189,
2021-09-12 21:44 ~ dogekeeper ~ 7586809528,
2021-09-12 21:44 ~ kyle.webdev ~ 39970051632,
2021-09-12 21:45 ~ _poisoned_seraphim ~ 47205397638,
2021-09-12 21:46 ~ funmachinelearn ~ 38520499983,
2021-09-12 21:46 ~ shan.rich.x ~ 45452302749,
2021-09-12 21:47 ~ ripvangamer ~ 48524401956,
2021-09-12 21:47 ~ autoeletricaflamboyant ~ 32975683752,
2021-09-12 21:48 ~ vivid.bun ~ 44249310864,
2021-09-12 21:49 ~ cookiecutterswestchesteroh ~ 9924696209,
2021-09-12 21:49 ~ chubsoftie ~ 48839998429,
2021-09-12 21:50 ~ grungersxx ~ 1782231819,
2021-09-12 21:50 ~ victorlanzelotti ~ 4184000962,
2021-09-12 21:51 ~ smsar.in_dubai ~ 27686136345,
2021-09-12 21:51 ~ luca.sgabriel75 ~ False,
2021-09-12 21:52 ~ lifenotprepaid ~ 44347515838,
2021-09-12 21:52 ~ mel_wyanna ~ 541499461,
2021-09-12 21:53 ~ epiccutscenes ~ 49532672621,
2021-09-12 21:54 ~ cookiecutterssacramento ~ 9988539771,
2021-09-12 21:54 ~ carecaducaraygames ~ 3956931101,
2021-09-12 21:55 ~ novos_investimentos ~ 9385212131,
2021-09-12 21:56 ~ manu.maia__ ~ 16900271722,
2021-09-12 21:56 ~ reno_marinho ~ 7642951935,
2021-09-12 21:57 ~ lucasazantarot ~ 47314006596,
2021-09-12 21:57 ~ apollowebsite ~ 7894110571,
2021-09-12 21:58 ~ saykikix ~ False,
2021-09-12 21:58 ~ evileggtv ~ 4018979016,
2021-09-12 21:59 ~ noticiadefamososof ~ 5806435622,
2021-09-12 21:59 ~ nuvemeletro ~ 46682979918,
2021-09-12 22:00 ~ coinupitalia ~ 8284998048,
2021-09-12 22:01 ~ imbillow ~ 46019065898,
2021-09-12 22:01 ~ cookiecuttersmiamiwestkendall ~ False,
2021-09-12 22:01 ~ edenjetski ~ 3665808181,
2021-09-12 22:02 ~ atelierrs_ ~ 8927590334,
2021-09-12 22:02 ~ esb.latam ~ 11051901407,
2021-09-12 22:03 ~ elliminator_69 ~ 48801959842,
2021-09-12 22:04 ~ kellz_gaming ~ 43968751896,
2021-09-12 22:04 ~ ncourage_coaching ~ 47954196091,
2021-09-12 22:05 ~ memess.4.daysss ~ 49459593313,
2021-09-12 22:06 ~ cookiecutterspbg ~ 8279884372,
2021-09-12 22:06 ~ apex_boost_predator ~ 46845742890,
2021-09-12 22:07 ~ topbuzz808_wrx ~ 6312298944,
2021-09-12 22:07 ~ vitor_cheiik ~ 8463976042,
2021-09-12 22:08 ~ mirtaperezrey ~ 6339080361,
2021-09-12 22:09 ~ jaded_scars ~ 48124464889,
2021-09-12 22:09 ~ i4bns_10g7 ~ 24401785601,
2021-09-12 22:10 ~ xformetyx ~ 2284806600,
2021-09-12 22:10 ~ poot_l2r2 ~ 47069741169,
2021-09-12 22:11 ~ adrianasantoshorta ~ 3628214860,
2021-09-12 22:12 ~ panzi_484 ~ 28649810150,
2021-09-12 22:12 ~ j0ndor ~ 12375973772,
2021-09-12 22:13 ~ rival_crowz ~ 9236377906,
2021-09-12 22:14 ~ cookiecuttersgcoh ~ 7530238426,
2021-09-12 22:14 ~ conexaobrulipe ~ 8770707387,
2021-09-12 22:15 ~ mary__viki ~ 5654656831,
2021-09-12 22:15 ~ lacosdocefada ~ 48638833303,
2021-09-12 22:16 ~ kamylla7296 ~ 44693428396,
2021-09-12 22:17 ~ nharville23 ~ 6379411387,
2021-09-12 22:18 ~ blogby.leona ~ 8146979714,
