2021-09-12 09:45 ~ lacosdocefada ~ 48638833303,
2021-09-12 09:46 ~ mirtaperezrey ~ 6339080361,
2021-09-12 09:47 ~ essume ~ 277190669,
2021-09-12 09:48 ~ atelierrs_ ~ 8927590334,
2021-09-12 09:49 ~ thaislima._._ ~ 2315952619,
2021-09-12 09:59 ~ _onixath ~ 6850488052,
2021-09-12 10:00 ~ edenjetski ~ 3665808181,
2021-09-12 10:01 ~ fiorsiilol ~ 48766408492,
2021-09-12 10:02 ~ chubsoftie ~ 48839998429,
2021-09-12 10:02 ~ thornthefreakshow ~ 10339836318,
2021-09-12 10:03 ~ i90grh ~ 49484830691,
2021-09-12 10:04 ~ outraged_vampire ~ 8104020590,
2021-09-12 10:07 ~ areasontogiveup ~ 49042255992,
2021-09-12 10:07 ~ xformetyx ~ 2284806600,
2021-09-12 10:08 ~ knifeofg0ld_ ~ 48203345705,
2021-09-12 10:09 ~ aes_clips ~ 49441051221,
2021-09-12 10:10 ~ te_an_se ~ 7308240078,
2021-09-12 10:26 ~ aghostinprogress ~ 23877462513,
2021-09-12 10:27 ~ __baby_satan__ ~ 47917345250,
2021-09-12 10:28 ~ _poisoned_seraphim ~ 47205397638,
2021-09-12 10:29 ~ vqwrx ~ 36844512044,
2021-09-12 10:31 ~ ncourage_coaching ~ 47954196091,
2021-09-12 10:32 ~ lilpeepfanpics ~ 45087540316,
2021-09-12 10:33 ~ helloh_saytin ~ 14888072605,
2021-09-12 10:34 ~ grungersxx ~ 1782231819,
2021-09-12 10:35 ~ shan.rich.x ~ 45452302749,
2021-09-12 10:36 ~ inspirational.freckles ~ 2954469711,
2021-09-12 10:37 ~ sussy_milf_lover69 ~ 8157336046,
2021-09-12 10:38 ~ suzimue ~ 1145714090,
2021-09-12 10:39 ~ newt_squish ~ 48827894913,
2021-09-12 10:40 ~ apollowebsite ~ 7894110571,
2021-09-12 10:41 ~ laniterider ~ 13557013057,
2021-09-12 10:42 ~ miss_eva_madison ~ 6635614845,
2021-09-12 10:43 ~ nr.nightmxre ~ 49529232853,
2021-09-12 10:44 ~ apex_boost_predator ~ 46845742890,
2021-09-12 10:45 ~ vivid.bun ~ 44249310864,
2021-09-12 10:46 ~ elliminator_69 ~ 48801959842,
2021-09-12 10:47 ~ streamingstore.co.il ~ 45457922820,
2021-09-12 10:47 ~ elite.retro.agency ~ 44608843950,
2021-09-12 11:01 ~ cookiecutterschesapeake ~ 7533122384,
2021-09-12 11:02 ~ cookiecuttersmahwahnj ~ 7284219529,
2021-09-12 11:03 ~ cookiecutters_fontana ~ 3467957880,
2021-09-12 11:04 ~ theapexbooster ~ 47706875260,
2021-09-12 11:05 ~ coinupitalia ~ 8284998048,
2021-09-12 11:06 ~ radleyarcade ~ 45082694158,
2021-09-12 11:08 ~ totty.games ~ 49299591880,
2021-09-12 11:09 ~ kellz_gaming ~ 43968751896,
2021-09-12 11:09 ~ ninjaspree ~ 49686034175,
2021-09-12 11:10 ~ dogekeeper ~ 7586809528,
2021-09-12 11:11 ~ ripvangamer ~ 48524401956,
2021-09-12 11:12 ~ et_alien13 ~ 46574392987,
2021-09-12 11:13 ~ lifenotprepaid ~ 44347515838,
2021-09-12 11:13 ~ retrocanadian_ ~ 48641978616,
2021-09-12 11:14 ~ cookiecutterssacramento ~ 9988539771,
2021-09-12 11:15 ~ nharville23 ~ 6379411387,
2021-09-12 11:16 ~ techdesapegue ~ 49474127655,
2021-09-12 11:17 ~ gamingdestination1 ~ 49089153063,
2021-09-12 11:18 ~ jerome_fps ~ 22514229157,
2021-09-12 11:19 ~ jaded_scars ~ 48124464889,
2021-09-12 11:20 ~ vlone.croxy ~ 48920077251,
2021-09-12 11:21 ~ lastgame_cba ~ 46340967415,
2021-09-12 11:22 ~ j0ndor ~ 12375973772,
2021-09-12 11:22 ~ imbillow ~ 46019065898,
2021-09-12 11:23 ~ panzi_484 ~ 28649810150,
2021-09-12 11:24 ~ rival_crowz ~ 9236377906,
2021-09-12 11:25 ~ sh_guff ~ 39017859021,
2021-09-12 11:26 ~ fuziqopc ~ 44644928957,
2021-09-12 11:27 ~ cookiecuttersgcoh ~ 7530238426,
2021-09-12 11:28 ~ cookiecutters.richmond ~ 8720776397,
2021-09-12 11:28 ~ cookiecutterspbg ~ 8279884372,
2021-09-12 11:29 ~ pedropaiva374 ~ 45144215745,
2021-09-12 11:30 ~ reno_marinho ~ 7642951935,
2021-09-12 11:31 ~ sergiogeek ~ 16881187582,
2021-09-12 11:32 ~ epiccutscenes ~ 49532672621,
2021-09-12 11:32 ~ carecaducaraygames ~ 3956931101,
2021-09-12 11:33 ~ timofey_dudka ~ 12727588345,
2021-09-12 11:34 ~ cookiecuttersfriscolittleelm ~ 38704164356,
2021-09-12 11:35 ~ cookiecutterslosangeles ~ 7766633330,
2021-09-12 11:35 ~ cookiecutterswestchesteroh ~ 9924696209,
2021-09-12 11:36 ~ cookiecuttershillsdale ~ 13354772504,
2021-09-12 11:37 ~ hawkgirl__gaming ~ 49220013811,
2021-09-12 11:38 ~ memess.4.daysss ~ 49459593313,
2021-09-12 11:38 ~ evileggtv ~ 4018979016,
2021-09-12 11:39 ~ poot_l2r2 ~ 47069741169,
2021-09-12 11:40 ~ xbox_one_reviews ~ 23199572812,
2021-09-12 11:41 ~ mariinsito.gmer ~ 20734029248,
2021-09-12 11:42 ~ rexgamer16 ~ 475819815,
2021-09-12 11:43 ~ vampire_cherrybomb ~ 49347433511,
2021-09-12 11:44 ~ cookiecuttersbrentwood ~ 7040419618,
2021-09-12 11:45 ~ gamingsetupmax ~ 49317222907,
2021-09-12 11:46 ~ esb.latam ~ 11051901407,
2021-09-12 14:15 ~ blogdapaatty ~ 9278709102,
2021-09-12 14:22 ~ admmarly_marcia ~ 1106714189,
2021-09-12 14:29 ~ conexaobrulipe ~ 8770707387,
2021-09-12 14:32 ~ mylife.felipenetoo ~ 38337830183,
2021-09-12 16:23 ~ noticiadefamososof ~ 5806435622,
2021-09-12 16:39 ~ _leonardopfc ~ 25351498065,
2021-09-12 16:40 ~ fernandadesouza.alves ~ 6933229497,
2021-09-12 16:41 ~ diigorezendee ~ 39344148,
2021-09-12 16:47 ~ oofc_sophia ~ 48920314805,
2021-09-12 16:48 ~ kamylla7296 ~ 44693428396,
2021-09-12 16:50 ~ vitor_cheiik ~ 8463976042,
2021-09-12 16:55 ~ topbuzz808_wrx ~ 6312298944,
2021-09-12 16:56 ~ instagrow.mike ~ 11822608643,
2021-09-12 16:57 ~ smsar.in_dubai ~ 27686136345,
2021-09-12 16:58 ~ nicewhipbro ~ 3182601418,
2021-09-12 17:00 ~ funmachinelearn ~ 38520499983,
2021-09-12 17:01 ~ mary__viki ~ 5654656831,
2021-09-12 17:02 ~ dreamcar_br ~ 6720375702,
2021-09-12 17:02 ~ jupontes85 ~ 12574072858,
2021-09-12 17:04 ~ marshamarshanda_07 ~ 34456691619,
2021-09-12 17:05 ~ carmenza_stories ~ 19141409552,
2021-09-12 17:06 ~ negonahotdog ~ 24609607024,
2021-09-12 17:07 ~ suafeiju ~ 45416175433,
2021-09-12 17:09 ~ 0a100automotiva ~ 6897126919,
2021-09-12 17:10 ~ i4bns_10g7 ~ 24401785601,
2021-09-12 17:11 ~ globalricers ~ 8545869953,
2021-09-12 17:12 ~ djiliomar ~ 3548266621,
2021-09-12 17:14 ~ the1vampire_diaries ~ 7148169965,
2021-09-12 17:15 ~ thamires_fortes ~ 2306172196,
2021-09-12 17:16 ~ jarbasgfs ~ 11182467029,
2021-09-12 17:17 ~ sandra_r_lage ~ 256331633,
2021-09-12 17:18 ~ diangelobeats ~ 37582556970,
2021-09-12 17:20 ~ marcaloy_cars ~ 35134353897,
2021-09-12 17:21 ~ victorlanzelotti ~ 4184000962,
2021-09-12 17:22 ~ aquele_moco ~ 4399799917,
2021-09-12 17:22 ~ blogby.leona ~ 8146979714,
2021-09-12 17:23 ~ lucasazantarot ~ 47314006596,
2021-09-12 17:24 ~ asway.dev ~ 37738162697,
2021-09-12 17:26 ~ devdoido ~ 36092925835,
2021-09-12 17:27 ~ mel_wyanna ~ 541499461,
2021-09-12 17:29 ~ bshapersince86 ~ 4075565780,
2021-09-12 17:30 ~ topppcommeennttoolliinnssttaa ~ 39401924808,
2021-09-12 17:30 ~ lucasfrittzes ~ 223063961,
2021-09-12 17:31 ~ novos_investimentos ~ 9385212131,
2021-09-12 17:33 ~ multipremiumthe ~ 14047457907,
2021-09-12 17:34 ~ garciahkimberlyw3e581p ~ 49085541914,
2021-09-12 17:36 ~ __patricia.trading ~ 47486899132,
2021-09-12 17:37 ~ adrianasantoshorta ~ 3628214860,
2021-09-12 17:38 ~ inpro.gnc ~ 38892986982,
2021-09-12 17:38 ~ leorvgomes ~ 261791892,
2021-09-12 17:40 ~ nuvemeletro ~ 46682979918,
2021-09-12 17:41 ~ savag3100 ~ 48183143378,
2021-09-12 17:42 ~ autoeletricaflamboyant ~ 32975683752,
2021-09-12 17:43 ~ master_fornecedoress ~ 47282124890,
2021-09-12 17:45 ~ stephanykretli ~ 1351234038,
2021-09-12 17:46 ~ manu.maia__ ~ 16900271722,
2021-09-12 17:47 ~ brigadeiros_rio ~ 2878531147,
2021-09-12 17:49 ~ renatoforcalivre ~ 1297389179,
2021-09-12 17:49 ~ saudeevidabc ~ 8589069447,
2021-09-12 17:50 ~ lorenasmdwm ~ 7435902768,
2021-09-12 17:52 ~ kelps_cars ~ 38970057448,
2021-09-12 17:53 ~ __python__.__py__ ~ 38723171874,
2021-09-12 17:54 ~ kyle.webdev ~ 39970051632,
2021-09-12 17:55 ~ mecanicageral_ ~ 5965001117,
2021-09-12 17:57 ~ godoyr_ ~ 584855484,
2021-09-12 17:59 ~ nosso_opala ~ 48258302975,
2021-09-12 18:00 ~ mayara.animale ~ 15127305164,
2021-09-12 18:01 ~ inphitosbr ~ 32657513247,
2021-09-12 18:02 ~ bikedasantigas ~ 41578928082,
2021-09-12 18:04 ~ joylancheske ~ 46424891653,
2021-09-12 18:05 ~ bernardi_jv ~ 1909413118,
2021-09-12 18:06 ~ aquelecaiodabarba ~ 3298321176,
2021-09-12 18:07 ~ evertondavitimbo ~ 5600954506,
2021-09-12 18:08 ~ motocarbh.com.br ~ 12099545798,
2021-09-12 18:09 ~ jardelcantor ~ 7913493667,
2021-09-12 18:10 ~ rafajihrane ~ 48927298,
2021-09-12 19:23 ~ mulheres.100limites ~ 8688198059,
2021-09-12 19:27 ~ omanualdaeletronica ~ 37862189410,
2021-09-12 19:28 ~ jessicamilac ~ 560986960,
2021-09-12 19:29 ~ tio_uiu ~ 6984903987,
2021-09-12 19:33 ~ ga1282034 ~ 49468271936,
2021-09-12 19:34 ~ driguinho_1981 ~ 16018518200,
2021-09-12 19:35 ~ guil.herme4385 ~ 31712726665,
2021-09-12 19:36 ~ eua_lais_ ~ 48888053872,
2021-09-12 19:37 ~ leiladdiniz ~ 769661259,
2021-09-12 19:38 ~ zezinhosoneca ~ 9338101982,
2021-09-12 19:39 ~ matheus_css ~ 47459759615,
2021-09-12 19:40 ~ thayanekelloren ~ 1275627172,
2021-09-12 19:41 ~ spuriooanna ~ 4225210028,
2021-09-12 19:43 ~ julliaaa__s ~ 8669081013,
2021-09-12 19:43 ~ esmonu_ ~ 44272302313,
2021-09-12 19:43 ~ anazkn ~ 39249554890,
2021-09-12 19:45 ~ m0nkey_academy ~ 49147209678,
2021-09-12 19:46 ~ itzryu__ ~ 49030123259,
2021-09-12 19:48 ~ guilhermexariane ~ 1943859545,
2021-09-12 20:18 ~ __fabriciio__ ~ 23895827148,
2021-09-12 20:19 ~ eu_pietro_tgzin ~ 38782911176,
2021-09-12 20:20 ~ kayrsant ~ 9306886077,
2021-09-12 20:21 ~ kauan_marquezini09 ~ 47235620457,
2021-09-12 20:22 ~ jaoveronese ~ 4556194038,
2021-09-12 20:25 ~ victord.moraes ~ 218228525,
2021-09-12 20:26 ~ marlon.mlt ~ 10987268258,
2021-09-12 20:27 ~ vitorzin10 ~ 34223264843,
2021-09-12 20:29 ~ gamers.br_sc ~ 44070154563,
2021-09-12 20:29 ~ qton_yt ~ 48862534730,
2021-09-12 20:30 ~ lamaryanks ~ 49374208310,
2021-09-12 20:30 ~ 05_moreira15 ~ 6889103705,
2021-09-12 20:31 ~ janilson_pann3da ~ 44434396764,
2021-09-12 20:32 ~ paidaff ~ 37988863159,
2021-09-12 20:33 ~ richardson.6 ~ 48665368192,
2021-09-12 20:35 ~ nanone.zl ~ 7655664953,
2021-09-12 20:37 ~ gui_da_kasinski ~ 3163376038,
2021-09-12 20:38 ~ erick_ff.s2 ~ 48921763121,
2021-09-12 20:39 ~ treinadorigorrodrigo ~ 47379798468,
2021-09-12 20:40 ~ albe.srt ~ 48260520656,
2021-09-12 20:41 ~ dudu_22sul ~ 16630493890,
2021-09-12 20:43 ~ casal_sem_jeito ~ 38245692629,
2021-09-12 20:43 ~ carloshenriique0 ~ 20308439527,
2021-09-12 20:46 ~ anniy1746 ~ 49533680719,
2021-09-12 20:47 ~ oj.parvej360 ~ 17357030921,
2021-09-12 20:48 ~ raphaelwanderley_ ~ 2881788615,
2021-09-12 20:50 ~ kratosgamerofficial ~ 46446043516,
2021-09-12 20:51 ~ raphaelll.mota ~ 5964064750,
2021-09-12 20:51 ~ xx_ryan_gts ~ 48862583908,
2021-09-12 20:52 ~ playerlunatica ~ 4165678293,
2021-09-12 20:53 ~ lucassantos6307 ~ 3583483960,
2021-09-12 20:54 ~ luiz.15_henrique ~ 37838667934,
2021-09-12 20:57 ~ litoralnerds ~ 39897071868,
2021-09-12 20:58 ~ tasdesignbr ~ 26694413496,
2021-09-12 20:59 ~ lariibds_ ~ 7113847791,
2021-09-12 21:00 ~ tweezybeach_official ~ 49284753414,
2021-09-12 21:01 ~ vinicius_qxd ~ 30057376162,
2021-09-12 21:04 ~ joseaugusto9243b ~ 44449442921,
2021-09-12 21:05 ~ imbellaisa ~ 38950176343,
2021-09-12 21:05 ~ anderson31js ~ 48427537152,
2021-09-12 21:06 ~ derique_dutra12 ~ 41444022481,
2021-09-12 21:07 ~ fabiula_silva6 ~ 13608126837,
2021-09-13 04:14 ~ clayton.araujo.5220 ~ 1649565747,
2021-09-13 04:14 ~ breno_gabriel_cosme_14 ~ 44903232595,
2021-09-13 04:15 ~ thamy.caroline_ ~ 48786581934,
