2021-09-12 10:36 ~ inspirational.freckles ~ 2954469711,
2021-09-12 11:29 ~ pedropaiva374 ~ 45144215745,
2021-09-12 11:33 ~ timofey_dudka ~ 12727588345,
2021-09-12 16:47 ~ oofc_sophia ~ 48920314805,
2021-09-12 19:27 ~ omanualdaeletronica ~ 37862189410,
2021-09-12 19:28 ~ jessicamilac ~ 560986960,
2021-09-12 19:29 ~ tio_uiu ~ 6984903987,
2021-09-12 19:33 ~ ga1282034 ~ 49468271936,
2021-09-12 19:34 ~ driguinho_1981 ~ 16018518200,
2021-09-12 19:35 ~ guil.herme4385 ~ 31712726665,
2021-09-12 19:36 ~ eua_lais_ ~ 48888053872,
2021-09-12 19:37 ~ leiladdiniz ~ 769661259,
2021-09-12 19:38 ~ zezinhosoneca ~ 9338101982,
2021-09-12 19:39 ~ matheus_css ~ 47459759615,
2021-09-12 19:40 ~ thayanekelloren ~ 1275627172,
2021-09-12 19:41 ~ spuriooanna ~ 4225210028,
2021-09-12 19:43 ~ julliaaa__s ~ 8669081013,
2021-09-12 19:43 ~ esmonu_ ~ 44272302313,
2021-09-12 19:43 ~ anazkn ~ 39249554890,
2021-09-12 19:45 ~ m0nkey_academy ~ 49147209678,
2021-09-12 19:46 ~ itzryu__ ~ 49030123259,
2021-09-12 19:48 ~ guilhermexariane ~ 1943859545,
2021-09-12 20:18 ~ __fabriciio__ ~ 23895827148,
2021-09-12 20:19 ~ eu_pietro_tgzin ~ 38782911176,
2021-09-12 20:20 ~ kayrsant ~ 9306886077,
2021-09-12 20:21 ~ kauan_marquezini09 ~ 47235620457,
2021-09-12 20:22 ~ jaoveronese ~ 4556194038,
2021-09-12 20:25 ~ victord.moraes ~ 218228525,
2021-09-12 20:26 ~ marlon.mlt ~ 10987268258,
2021-09-12 20:27 ~ vitorzin10 ~ 34223264843,
2021-09-12 20:29 ~ gamers.br_sc ~ 44070154563,
2021-09-12 20:29 ~ qton_yt ~ 48862534730,
2021-09-12 20:30 ~ lamaryanks ~ 49374208310,
2021-09-12 20:30 ~ 05_moreira15 ~ 6889103705,
2021-09-12 20:31 ~ janilson_pann3da ~ 44434396764,
2021-09-12 20:32 ~ paidaff ~ 37988863159,
2021-09-12 20:33 ~ richardson.6 ~ 48665368192,
2021-09-12 20:35 ~ nanone.zl ~ 7655664953,
2021-09-12 20:37 ~ gui_da_kasinski ~ 3163376038,
2021-09-12 20:38 ~ erick_ff.s2 ~ 48921763121,
2021-09-12 20:39 ~ treinadorigorrodrigo ~ 47379798468,
2021-09-12 20:40 ~ albe.srt ~ 48260520656,
2021-09-12 20:41 ~ dudu_22sul ~ 16630493890,
2021-09-12 20:43 ~ casal_sem_jeito ~ 38245692629,
2021-09-12 20:43 ~ carloshenriique0 ~ 20308439527,
2021-09-12 20:46 ~ anniy1746 ~ 49533680719,
2021-09-12 20:47 ~ oj.parvej360 ~ 17357030921,
2021-09-12 20:48 ~ raphaelwanderley_ ~ 2881788615,
2021-09-12 20:50 ~ kratosgamerofficial ~ 46446043516,
2021-09-12 20:51 ~ raphaelll.mota ~ 5964064750,
2021-09-12 20:51 ~ xx_ryan_gts ~ 48862583908,
2021-09-12 20:52 ~ playerlunatica ~ 4165678293,
2021-09-12 20:53 ~ lucassantos6307 ~ 3583483960,
2021-09-12 20:54 ~ luiz.15_henrique ~ 37838667934,
2021-09-12 20:57 ~ litoralnerds ~ 39897071868,
2021-09-12 20:58 ~ tasdesignbr ~ 26694413496,
2021-09-12 20:59 ~ lariibds_ ~ 7113847791,
2021-09-12 21:00 ~ tweezybeach_official ~ 49284753414,
2021-09-12 21:01 ~ vinicius_qxd ~ 30057376162,
2021-09-12 21:04 ~ joseaugusto9243b ~ 44449442921,
2021-09-12 21:05 ~ imbellaisa ~ 38950176343,
2021-09-12 21:05 ~ anderson31js ~ 48427537152,
2021-09-12 21:06 ~ derique_dutra12 ~ 41444022481,
2021-09-12 21:07 ~ fabiula_silva6 ~ 13608126837,
2021-09-13 04:14 ~ clayton.araujo.5220 ~ 1649565747,
2021-09-13 04:14 ~ breno_gabriel_cosme_14 ~ 44903232595,
2021-09-13 04:15 ~ thamy.caroline_ ~ 48786581934,
